Symbol,Year,Dividend Date,Market Capitalization,Count of total dividends paid for that year,How much was paid,Price at Beginning of Year,Price at End of Year
AAPL,2021,02/05/2021,2802067963904.0,4.0,0.205,127.503662109375,176.6573028564453
AAPL,2021,05/07/2021,2802067963904.0,4.0,0.22,127.503662109375,176.6573028564453
AAPL,2021,08/06/2021,2802067963904.0,4.0,0.22,127.503662109375,176.6573028564453
AAPL,2021,11/05/2021,2802067963904.0,4.0,0.22,127.503662109375,176.6573028564453
AAPL,2022,02/04/2022,2802067963904.0,4.0,0.22,180.43429565429688,129.55271911621094
AAPL,2022,05/06/2022,2802067963904.0,4.0,0.23,180.43429565429688,129.55271911621094
AAPL,2022,08/05/2022,2802067963904.0,4.0,0.23,180.43429565429688,129.55271911621094
AAPL,2022,11/04/2022,2802067963904.0,4.0,0.23,180.43429565429688,129.55271911621094
O,2021,01/29/2021,39861473280.0,12.0,0.227713,52.355690002441406,67.47230529785156
O,2021,02/26/2021,39861473280.0,12.0,0.227713,52.355690002441406,67.47230529785156
O,2021,03/31/2021,39861473280.0,12.0,0.227713,52.355690002441406,67.47230529785156
O,2021,04/30/2021,39861473280.0,12.0,0.227713,52.355690002441406,67.47230529785156
O,2021,05/28/2021,39861473280.0,12.0,0.227713,52.355690002441406,67.47230529785156
O,2021,06/30/2021,39861473280.0,12.0,0.228682,52.355690002441406,67.47230529785156
O,2021,07/30/2021,39861473280.0,12.0,0.228682,52.355690002441406,67.47230529785156
O,2021,08/31/2021,39861473280.0,12.0,0.228682,52.355690002441406,67.47230529785156
O,2021,09/30/2021,39861473280.0,12.0,0.228682,52.355690002441406,67.47230529785156
O,2021,11/01/2021,39861473280.0,12.0,0.228682,52.355690002441406,67.47230529785156
O,2021,11/30/2021,39861473280.0,12.0,0.246,52.355690002441406,67.47230529785156
O,2021,12/31/2021,39861473280.0,12.0,0.247,52.355690002441406,67.47230529785156
O,2022,01/31/2022,39861473280.0,12.0,0.247,67.03636932373047,62.43507766723633
O,2022,02/28/2022,39861473280.0,12.0,0.247,67.03636932373047,62.43507766723633
O,2022,03/31/2022,39861473280.0,12.0,0.247,67.03636932373047,62.43507766723633
O,2022,04/29/2022,39861473280.0,12.0,0.247,67.03636932373047,62.43507766723633
O,2022,05/31/2022,39861473280.0,12.0,0.247,67.03636932373047,62.43507766723633
O,2022,06/30/2022,39861473280.0,12.0,0.248,67.03636932373047,62.43507766723633
O,2022,07/29/2022,39861473280.0,12.0,0.248,67.03636932373047,62.43507766723633
O,2022,08/31/2022,39861473280.0,12.0,0.248,67.03636932373047,62.43507766723633
O,2022,09/30/2022,39861473280.0,12.0,0.248,67.03636932373047,62.43507766723633
O,2022,10/31/2022,39861473280.0,12.0,0.248,67.03636932373047,62.43507766723633
O,2022,11/30/2022,39861473280.0,12.0,0.248,67.03636932373047,62.43507766723633
O,2022,12/30/2022,39861473280.0,12.0,0.249,67.03636932373047,62.43507766723633
JNJ,2021,02/22/2021,401598906368.0,4.0,1.01,146.5767059326172,165.45138549804688
JNJ,2021,05/24/2021,401598906368.0,4.0,1.06,146.5767059326172,165.45138549804688
JNJ,2021,08/23/2021,401598906368.0,4.0,1.06,146.5767059326172,165.45138549804688
JNJ,2021,11/22/2021,401598906368.0,4.0,1.06,146.5767059326172,165.45138549804688
JNJ,2022,02/18/2022,401598906368.0,4.0,1.06,164.71205139160156,174.0751190185547
JNJ,2022,05/23/2022,401598906368.0,4.0,1.13,164.71205139160156,174.0751190185547
JNJ,2022,08/22/2022,401598906368.0,4.0,1.13,164.71205139160156,174.0751190185547
JNJ,2022,11/21/2022,401598906368.0,4.0,1.13,164.71205139160156,174.0751190185547
CNQ,2021,03/18/2021,59041488896.0,4.0,0.371205,21.238340377807617,37.998741149902344
CNQ,2021,06/17/2021,59041488896.0,4.0,0.375122,21.238340377807617,37.998741149902344
CNQ,2021,09/16/2021,59041488896.0,4.0,0.364349,21.238340377807617,37.998741149902344
CNQ,2021,12/09/2021,59041488896.0,4.0,0.454456,21.238340377807617,37.998741149902344
CNQ,2022,03/17/2022,59041488896.0,5.0,0.579824,39.07014846801758,54.8139762878418
CNQ,2022,06/16/2022,59041488896.0,5.0,0.570029,39.07014846801758,54.8139762878418
CNQ,2022,08/22/2022,59041488896.0,5.0,1.155,39.07014846801758,54.8139762878418
CNQ,2022,09/15/2022,59041488896.0,5.0,0.57,39.07014846801758,54.8139762878418
CNQ,2022,12/15/2022,59041488896.0,5.0,0.628,39.07014846801758,54.8139762878418
PEP,2021,03/04/2021,252723462144.0,4.0,1.023,135.6055908203125,167.0418243408203
PEP,2021,06/03/2021,252723462144.0,4.0,1.075,135.6055908203125,167.0418243408203
PEP,2021,09/02/2021,252723462144.0,4.0,1.075,135.6055908203125,167.0418243408203
PEP,2021,12/02/2021,252723462144.0,4.0,1.075,135.6055908203125,167.0418243408203
PEP,2022,03/03/2022,252723462144.0,4.0,1.075,167.34170532226562,179.44737243652344
PEP,2022,06/02/2022,252723462144.0,4.0,1.15,167.34170532226562,179.44737243652344
PEP,2022,09/01/2022,252723462144.0,4.0,1.15,167.34170532226562,179.44737243652344
PEP,2022,12/01/2022,252723462144.0,4.0,1.15,167.34170532226562,179.44737243652344
T,2021,01/08/2021,113090035712.0,4.0,0.52,18.28327178955078,16.92998504638672
T,2021,04/08/2021,113090035712.0,4.0,0.52,18.28327178955078,16.92998504638672
T,2021,07/08/2021,113090035712.0,4.0,0.52,18.28327178955078,16.92998504638672
T,2021,10/07/2021,113090035712.0,4.0,0.52,18.28327178955078,16.92998504638672
T,2022,01/07/2022,113090035712.0,4.0,0.52,17.374073028564453,17.8941650390625
T,2022,04/13/2022,113090035712.0,4.0,0.278,17.374073028564453,17.8941650390625
T,2022,07/08/2022,113090035712.0,4.0,0.278,17.374073028564453,17.8941650390625
T,2022,10/06/2022,113090035712.0,4.0,0.278,17.374073028564453,17.8941650390625
PG,2021,01/21/2021,336528179200.0,4.0,0.791,129.5528106689453,156.85459899902344
PG,2021,04/22/2021,336528179200.0,4.0,0.87,129.5528106689453,156.85459899902344
PG,2021,07/22/2021,336528179200.0,4.0,0.87,129.5528106689453,156.85459899902344
PG,2021,10/21/2021,336528179200.0,4.0,0.87,129.5528106689453,156.85459899902344
PG,2022,01/20/2022,336528179200.0,4.0,0.87,156.97984313964844,149.67776489257812
PG,2022,04/21/2022,336528179200.0,4.0,0.913,156.97984313964844,149.67776489257812
PG,2022,07/21/2022,336528179200.0,4.0,0.913,156.97984313964844,149.67776489257812
PG,2022,10/20/2022,336528179200.0,4.0,0.913,156.97984313964844,149.67776489257812
LTC,2021,01/20/2021,1309361792.0,12.0,0.19,32.569679260253906,31.374059677124023
LTC,2021,02/17/2021,1309361792.0,12.0,0.19,32.569679260253906,31.374059677124023
LTC,2021,03/22/2021,1309361792.0,12.0,0.19,32.569679260253906,31.374059677124023
LTC,2021,04/21/2021,1309361792.0,12.0,0.19,32.569679260253906,31.374059677124023
LTC,2021,05/19/2021,1309361792.0,12.0,0.19,32.569679260253906,31.374059677124023
LTC,2021,06/21/2021,1309361792.0,12.0,0.19,32.569679260253906,31.374059677124023
LTC,2021,07/21/2021,1309361792.0,12.0,0.19,32.569679260253906,31.374059677124023
LTC,2021,08/20/2021,1309361792.0,12.0,0.19,32.569679260253906,31.374059677124023
LTC,2021,09/21/2021,1309361792.0,12.0,0.19,32.569679260253906,31.374059677124023
LTC,2021,10/20/2021,1309361792.0,12.0,0.19,32.569679260253906,31.374059677124023
LTC,2021,11/18/2021,1309361792.0,12.0,0.19,32.569679260253906,31.374059677124023
LTC,2021,12/22/2021,1309361792.0,12.0,0.19,32.569679260253906,31.374059677124023
LTC,2022,01/20/2022,1309361792.0,12.0,0.19,32.097930908203125,34.574623107910156
LTC,2022,02/17/2022,1309361792.0,12.0,0.19,32.097930908203125,34.574623107910156
LTC,2022,03/22/2022,1309361792.0,12.0,0.19,32.097930908203125,34.574623107910156
LTC,2022,04/20/2022,1309361792.0,12.0,0.19,32.097930908203125,34.574623107910156
LTC,2022,05/20/2022,1309361792.0,12.0,0.19,32.097930908203125,34.574623107910156
LTC,2022,06/21/2022,1309361792.0,12.0,0.19,32.097930908203125,34.574623107910156
LTC,2022,07/20/2022,1309361792.0,12.0,0.19,32.097930908203125,34.574623107910156
LTC,2022,08/22/2022,1309361792.0,12.0,0.19,32.097930908203125,34.574623107910156
LTC,2022,09/21/2022,1309361792.0,12.0,0.19,32.097930908203125,34.574623107910156
LTC,2022,10/20/2022,1309361792.0,12.0,0.19,32.097930908203125,34.574623107910156
LTC,2022,11/21/2022,1309361792.0,12.0,0.19,32.097930908203125,34.574623107910156
LTC,2022,12/21/2022,1309361792.0,12.0,0.19,32.097930908203125,34.574623107910156
MCD,2021,02/26/2021,206930542592.0,4.0,1.29,199.858642578125,259.85614013671875
MCD,2021,05/28/2021,206930542592.0,4.0,1.29,199.858642578125,259.85614013671875
MCD,2021,08/31/2021,206930542592.0,4.0,1.29,199.858642578125,259.85614013671875
MCD,2021,11/30/2021,206930542592.0,4.0,1.38,199.858642578125,259.85614013671875
MCD,2022,02/28/2022,206930542592.0,4.0,1.38,261.18841552734375,262.0171813964844
MCD,2022,06/03/2022,206930542592.0,4.0,1.38,261.18841552734375,262.0171813964844
MCD,2022,08/31/2022,206930542592.0,4.0,1.38,261.18841552734375,262.0171813964844
MCD,2022,11/30/2022,206930542592.0,4.0,1.52,261.18841552734375,262.0171813964844
JPM,2021,01/05/2021,393807495168.0,4.0,0.9,117.23675537109375,151.31689453125
JPM,2021,04/05/2021,393807495168.0,4.0,0.9,117.23675537109375,151.31689453125
JPM,2021,07/02/2021,393807495168.0,4.0,0.9,117.23675537109375,151.31689453125
JPM,2021,10/05/2021,393807495168.0,4.0,1.0,117.23675537109375,151.31689453125
JPM,2022,01/05/2022,393807495168.0,4.0,1.0,154.39134216308594,132.0801544189453
JPM,2022,04/05/2022,393807495168.0,4.0,1.0,154.39134216308594,132.0801544189453
JPM,2022,07/05/2022,393807495168.0,4.0,1.0,154.39134216308594,132.0801544189453
JPM,2022,10/05/2022,393807495168.0,4.0,1.0,154.39134216308594,132.0801544189453
CAT,2021,01/19/2021,106844897280.0,4.0,1.03,172.5608367919922,199.30946350097656
CAT,2021,04/23/2021,106844897280.0,4.0,1.03,172.5608367919922,199.30946350097656
CAT,2021,07/19/2021,106844897280.0,4.0,1.11,172.5608367919922,199.30946350097656
CAT,2021,10/22/2021,106844897280.0,4.0,1.11,172.5608367919922,199.30946350097656
CAT,2022,01/19/2022,106844897280.0,4.0,1.11,200.19924926757812,237.1357421875
CAT,2022,04/22/2022,106844897280.0,4.0,1.11,200.19924926757812,237.1357421875
CAT,2022,07/19/2022,106844897280.0,4.0,1.2,200.19924926757812,237.1357421875
CAT,2022,10/21/2022,106844897280.0,4.0,1.2,200.19924926757812,237.1357421875
IBM,2021,02/09/2021,116679237632.0,4.0,1.558317,104.75033569335938,124.33906555175781
IBM,2021,05/07/2021,116679237632.0,4.0,1.567878,104.75033569335938,124.33906555175781
IBM,2021,08/09/2021,116679237632.0,4.0,1.567878,104.75033569335938,124.33906555175781
IBM,2021,11/09/2021,116679237632.0,4.0,1.64,104.75033569335938,124.33906555175781
IBM,2022,02/10/2022,116679237632.0,4.0,1.64,126.3167953491211,137.30813598632812
IBM,2022,05/09/2022,116679237632.0,4.0,1.65,126.3167953491211,137.30813598632812
IBM,2022,08/09/2022,116679237632.0,4.0,1.65,126.3167953491211,137.30813598632812
IBM,2022,11/09/2022,116679237632.0,4.0,1.65,126.3167953491211,137.30813598632812
CAH,2021,03/31/2021,20928118784.0,4.0,0.486,49.172698974609375,49.74269485473633
CAH,2021,06/30/2021,20928118784.0,4.0,0.491,49.172698974609375,49.74269485473633
CAH,2021,09/30/2021,20928118784.0,4.0,0.491,49.172698974609375,49.74269485473633
CAH,2021,12/31/2021,20928118784.0,4.0,0.491,49.172698974609375,49.74269485473633
CAH,2022,03/31/2022,20928118784.0,4.0,0.491,50.0612907409668,76.36399841308594
CAH,2022,06/30/2022,20928118784.0,4.0,0.496,50.0612907409668,76.36399841308594
CAH,2022,09/30/2022,20928118784.0,4.0,0.496,50.0612907409668,76.36399841308594
CAH,2022,12/30/2022,20928118784.0,4.0,0.496,50.0612907409668,76.36399841308594
GD,2021,01/14/2021,55835607040.0,4.0,1.1,137.53158569335938,200.73867797851562
GD,2021,04/08/2021,55835607040.0,4.0,1.19,137.53158569335938,200.73867797851562
GD,2021,07/01/2021,55835607040.0,4.0,1.19,137.53158569335938,200.73867797851562
GD,2021,10/07/2021,55835607040.0,4.0,1.19,137.53158569335938,200.73867797851562
GD,2022,01/13/2022,55835607040.0,4.0,1.19,200.6613006591797,245.369873046875
GD,2022,04/07/2022,55835607040.0,4.0,1.26,200.6613006591797,245.369873046875
GD,2022,06/30/2022,55835607040.0,4.0,1.26,200.6613006591797,245.369873046875
GD,2022,10/06/2022,55835607040.0,4.0,1.26,200.6613006591797,245.369873046875
RY,2021,01/25/2021,124764823552.0,4.0,0.848,74.54875946044922,99.59667205810547
RY,2021,04/21/2021,124764823552.0,4.0,0.857,74.54875946044922,99.59667205810547
RY,2021,07/23/2021,124764823552.0,4.0,0.86,74.54875946044922,99.59667205810547
RY,2021,10/25/2021,124764823552.0,4.0,0.874,74.54875946044922,99.59667205810547
RY,2022,01/25/2022,124764823552.0,4.0,0.95,101.08839416503906,92.1919174194336
RY,2022,04/22/2022,124764823552.0,4.0,0.954,101.08839416503906,92.1919174194336
RY,2022,07/25/2022,124764823552.0,4.0,0.991,101.08839416503906,92.1919174194336
RY,2022,10/25/2022,124764823552.0,4.0,0.934,101.08839416503906,92.1919174194336
BMO,2021,01/29/2021,58404503552.0,4.0,0.827,67.96183013916016,100.57119750976562
BMO,2021,04/30/2021,58404503552.0,4.0,0.863,67.96183013916016,100.57119750976562
BMO,2021,07/30/2021,58404503552.0,4.0,0.852,67.96183013916016,100.57119750976562
BMO,2021,10/29/2021,58404503552.0,4.0,0.859,67.96183013916016,100.57119750976562
BMO,2022,01/31/2022,58404503552.0,4.0,1.042,102.22344970703125,88.58662414550781
BMO,2022,04/29/2022,58404503552.0,4.0,1.039,102.22344970703125,88.58662414550781
BMO,2022,07/29/2022,58404503552.0,4.0,1.085,102.22344970703125,88.58662414550781
BMO,2022,10/31/2022,58404503552.0,4.0,1.022,102.22344970703125,88.58662414550781
BNS,2021,01/04/2021,58350268416.0,5.0,0.707,47.117610931396484,66.04046630859375
BNS,2021,04/05/2021,58350268416.0,5.0,0.716,47.117610931396484,66.04046630859375
BNS,2021,07/06/2021,58350268416.0,5.0,0.73,47.117610931396484,66.04046630859375
BNS,2021,10/04/2021,58350268416.0,5.0,0.712,47.117610931396484,66.04046630859375
BNS,2021,12/31/2021,58350268416.0,5.0,0.785,47.117610931396484,66.04046630859375
BNS,2022,04/04/2022,58350268416.0,3.0,0.799,66.49192810058594,47.491363525390625
BNS,2022,07/05/2022,58350268416.0,3.0,0.8,66.49192810058594,47.491363525390625
BNS,2022,10/03/2022,58350268416.0,3.0,0.745,66.49192810058594,47.491363525390625
CB,2021,03/18/2021,77355286528.0,4.0,0.78,144.09425354003906,189.18185424804688
CB,2021,06/17/2021,77355286528.0,4.0,0.8,144.09425354003906,189.18185424804688
CB,2021,09/16/2021,77355286528.0,4.0,0.8,144.09425354003906,189.18185424804688
CB,2021,12/16/2021,77355286528.0,4.0,0.8,144.09425354003906,189.18185424804688
CB,2022,03/17/2022,77355286528.0,4.0,0.8,187.54583740234375,219.62295532226562
CB,2022,06/16/2022,77355286528.0,4.0,0.83,187.54583740234375,219.62295532226562
CB,2022,09/15/2022,77355286528.0,4.0,0.83,187.54583740234375,219.62295532226562
CB,2022,12/15/2022,77355286528.0,4.0,0.83,187.54583740234375,219.62295532226562
LOW,2021,01/19/2021,118530293760.0,4.0,0.6,153.6658172607422,249.17547607421875
LOW,2021,04/20/2021,118530293760.0,4.0,0.6,153.6658172607422,249.17547607421875
LOW,2021,07/20/2021,118530293760.0,4.0,0.8,153.6658172607422,249.17547607421875
LOW,2021,10/19/2021,118530293760.0,4.0,0.8,153.6658172607422,249.17547607421875
LOW,2022,01/18/2022,118530293760.0,4.0,0.8,248.3202362060547,197.2338409423828
LOW,2022,04/19/2022,118530293760.0,4.0,0.8,248.3202362060547,197.2338409423828
LOW,2022,07/19/2022,118530293760.0,4.0,1.05,248.3202362060547,197.2338409423828
LOW,2022,10/18/2022,118530293760.0,4.0,1.05,248.3202362060547,197.2338409423828
SYY,2021,01/07/2021,35471364096.0,4.0,0.45,68.09639739990234,75.19960021972656
SYY,2021,03/31/2021,35471364096.0,4.0,0.45,68.09639739990234,75.19960021972656
SYY,2021,07/01/2021,35471364096.0,4.0,0.47,68.09639739990234,75.19960021972656
SYY,2021,09/30/2021,35471364096.0,4.0,0.47,68.09639739990234,75.19960021972656
SYY,2022,01/06/2022,35471364096.0,4.0,0.47,76.11549377441406,75.48267364501953
SYY,2022,03/31/2022,35471364096.0,4.0,0.47,76.11549377441406,75.48267364501953
SYY,2022,06/30/2022,35471364096.0,4.0,0.49,76.11549377441406,75.48267364501953
SYY,2022,10/06/2022,35471364096.0,4.0,0.49,76.11549377441406,75.48267364501953
ITW,2021,03/30/2021,66281246720.0,4.0,1.14,192.93234252929688,237.98837280273438
ITW,2021,06/29/2021,66281246720.0,4.0,1.14,192.93234252929688,237.98837280273438
ITW,2021,09/29/2021,66281246720.0,4.0,1.22,192.93234252929688,237.98837280273438
ITW,2021,12/30/2021,66281246720.0,4.0,1.22,192.93234252929688,237.98837280273438
ITW,2022,03/30/2022,66281246720.0,4.0,1.22,236.11671447753906,219.09471130371094
ITW,2022,06/29/2022,66281246720.0,4.0,1.22,236.11671447753906,219.09471130371094
ITW,2022,09/29/2022,66281246720.0,4.0,1.31,236.11671447753906,219.09471130371094
ITW,2022,12/29/2022,66281246720.0,4.0,1.31,236.11671447753906,219.09471130371094
WMT,2021,03/18/2021,396362088448.0,4.0,0.55,140.8892364501953,139.8477020263672
WMT,2021,05/06/2021,396362088448.0,4.0,0.55,140.8892364501953,139.8477020263672
WMT,2021,08/12/2021,396362088448.0,4.0,0.55,140.8892364501953,139.8477020263672
WMT,2021,12/09/2021,396362088448.0,4.0,0.55,140.8892364501953,139.8477020263672
WMT,2022,03/17/2022,396362088448.0,4.0,0.56,141.2933349609375,140.6768341064453
WMT,2022,05/05/2022,396362088448.0,4.0,0.56,141.2933349609375,140.6768341064453
WMT,2022,08/11/2022,396362088448.0,4.0,0.56,141.2933349609375,140.6768341064453
WMT,2022,12/08/2022,396362088448.0,4.0,0.56,141.2933349609375,140.6768341064453
KMB,2021,03/04/2021,45026869248.0,4.0,1.14,123.25355529785156,135.27572631835938
KMB,2021,06/03/2021,45026869248.0,4.0,1.14,123.25355529785156,135.27572631835938
KMB,2021,09/09/2021,45026869248.0,4.0,1.14,123.25355529785156,135.27572631835938
KMB,2021,12/09/2021,45026869248.0,4.0,1.14,123.25355529785156,135.27572631835938
KMB,2022,03/03/2022,45026869248.0,4.0,1.16,136.14553833007812,134.4561004638672
KMB,2022,06/09/2022,45026869248.0,4.0,1.16,136.14553833007812,134.4561004638672
KMB,2022,09/08/2022,45026869248.0,4.0,1.16,136.14553833007812,134.4561004638672
KMB,2022,12/08/2022,45026869248.0,4.0,1.16,136.14553833007812,134.4561004638672
RKT,2021,03/08/2021,15808970752.0,1.0,1.11,17.757823944091797,13.64661693572998
RKT,2022,03/07/2022,15808970752.0,1.0,1.01,13.683775901794434,7.0
MAIN,2021,01/04/2021,3179657984.0,13.0,0.205,26.60107421875,40.1156120300293
MAIN,2021,01/28/2021,3179657984.0,13.0,0.205,26.60107421875,40.1156120300293
MAIN,2021,02/25/2021,3179657984.0,13.0,0.205,26.60107421875,40.1156120300293
MAIN,2021,03/26/2021,3179657984.0,13.0,0.205,26.60107421875,40.1156120300293
MAIN,2021,04/28/2021,3179657984.0,13.0,0.205,26.60107421875,40.1156120300293
MAIN,2021,05/27/2021,3179657984.0,13.0,0.205,26.60107421875,40.1156120300293
MAIN,2021,06/28/2021,3179657984.0,13.0,0.205,26.60107421875,40.1156120300293
MAIN,2021,07/28/2021,3179657984.0,13.0,0.205,26.60107421875,40.1156120300293
MAIN,2021,08/26/2021,3179657984.0,13.0,0.205,26.60107421875,40.1156120300293
MAIN,2021,09/28/2021,3179657984.0,13.0,0.21,26.60107421875,40.1156120300293
MAIN,2021,10/28/2021,3179657984.0,13.0,0.21,26.60107421875,40.1156120300293
MAIN,2021,11/23/2021,3179657984.0,13.0,0.21,26.60107421875,40.1156120300293
MAIN,2021,12/21/2021,3179657984.0,13.0,0.1,26.60107421875,40.1156120300293
MAIN,2022,01/03/2022,3179657984.0,16.0,0.215,40.119049072265625,35.75383758544922
MAIN,2022,02/01/2022,3179657984.0,16.0,0.215,40.119049072265625,35.75383758544922
MAIN,2022,03/01/2022,3179657984.0,16.0,0.215,40.119049072265625,35.75383758544922
MAIN,2022,03/21/2022,3179657984.0,16.0,0.075,40.119049072265625,35.75383758544922
MAIN,2022,04/01/2022,3179657984.0,16.0,0.215,40.119049072265625,35.75383758544922
MAIN,2022,05/02/2022,3179657984.0,16.0,0.215,40.119049072265625,35.75383758544922
MAIN,2022,06/01/2022,3179657984.0,16.0,0.215,40.119049072265625,35.75383758544922
MAIN,2022,06/21/2022,3179657984.0,16.0,0.075,40.119049072265625,35.75383758544922
MAIN,2022,07/01/2022,3179657984.0,16.0,0.215,40.119049072265625,35.75383758544922
MAIN,2022,08/01/2022,3179657984.0,16.0,0.215,40.119049072265625,35.75383758544922
MAIN,2022,09/01/2022,3179657984.0,16.0,0.215,40.119049072265625,35.75383758544922
MAIN,2022,09/19/2022,3179657984.0,16.0,0.1,40.119049072265625,35.75383758544922
MAIN,2022,10/06/2022,3179657984.0,16.0,0.22,40.119049072265625,35.75383758544922
MAIN,2022,11/07/2022,3179657984.0,16.0,0.22,40.119049072265625,35.75383758544922
MAIN,2022,12/07/2022,3179657984.0,16.0,0.22,40.119049072265625,35.75383758544922
MAIN,2022,12/19/2022,3179657984.0,16.0,0.1,40.119049072265625,35.75383758544922
ADP,2021,03/11/2021,85447385088.0,4.0,0.93,161.7968292236328,239.61607360839844
ADP,2021,06/10/2021,85447385088.0,4.0,0.93,161.7968292236328,239.61607360839844
ADP,2021,09/09/2021,85447385088.0,4.0,0.93,161.7968292236328,239.61607360839844
ADP,2021,12/09/2021,85447385088.0,4.0,1.04,161.7968292236328,239.61607360839844
ADP,2022,03/10/2022,85447385088.0,4.0,1.04,238.1035919189453,237.514892578125
ADP,2022,06/09/2022,85447385088.0,4.0,1.04,238.1035919189453,237.514892578125
ADP,2022,09/08/2022,85447385088.0,4.0,1.04,238.1035919189453,237.514892578125
ADP,2022,12/08/2022,85447385088.0,4.0,1.25,238.1035919189453,237.514892578125
SBUX,2021,02/17/2021,111281045504.0,4.0,0.45,98.0865478515625,112.4156723022461
SBUX,2021,05/12/2021,111281045504.0,4.0,0.45,98.0865478515625,112.4156723022461
SBUX,2021,08/11/2021,111281045504.0,4.0,0.45,98.0865478515625,112.4156723022461
SBUX,2021,11/10/2021,111281045504.0,4.0,0.49,98.0865478515625,112.4156723022461
SBUX,2022,02/10/2022,111281045504.0,4.0,0.49,112.84120178222656,98.21634674072266
SBUX,2022,05/12/2022,111281045504.0,4.0,0.49,112.84120178222656,98.21634674072266
SBUX,2022,08/11/2022,111281045504.0,4.0,0.49,112.84120178222656,98.21634674072266
SBUX,2022,11/09/2022,111281045504.0,4.0,0.53,112.84120178222656,98.21634674072266
ECL,2021,03/15/2021,46832332800.0,4.0,0.48,208.83242797851562,230.04588317871094
ECL,2021,06/14/2021,46832332800.0,4.0,0.48,208.83242797851562,230.04588317871094
ECL,2021,09/13/2021,46832332800.0,4.0,0.48,208.83242797851562,230.04588317871094
ECL,2021,12/13/2021,46832332800.0,4.0,0.51,208.83242797851562,230.04588317871094
ECL,2022,03/14/2022,46832332800.0,4.0,0.51,225.93670654296875,145.06092834472656
ECL,2022,06/17/2022,46832332800.0,4.0,0.51,225.93670654296875,145.06092834472656
ECL,2022,09/19/2022,46832332800.0,4.0,0.51,225.93670654296875,145.06092834472656
ECL,2022,12/19/2022,46832332800.0,4.0,0.53,225.93670654296875,145.06092834472656
CVX,2021,02/16/2021,288364199936.0,4.0,1.29,76.264892578125,111.26424407958984
CVX,2021,05/18/2021,288364199936.0,4.0,1.34,76.264892578125,111.26424407958984
CVX,2021,08/18/2021,288364199936.0,4.0,1.34,76.264892578125,111.26424407958984
CVX,2021,11/17/2021,288364199936.0,4.0,1.34,76.264892578125,111.26424407958984
CVX,2022,02/15/2022,288364199936.0,4.0,1.42,112.9981689453125,176.1918182373047
CVX,2022,05/18/2022,288364199936.0,4.0,1.42,112.9981689453125,176.1918182373047
CVX,2022,08/18/2022,288364199936.0,4.0,1.42,112.9981689453125,176.1918182373047
CVX,2022,11/17/2022,288364199936.0,4.0,1.42,112.9981689453125,176.1918182373047
PSEC,2021,01/28/2021,2469277440.0,13.0,0.06,4.3577656745910645,7.293410778045654
PSEC,2021,02/25/2021,2469277440.0,13.0,0.06,4.3577656745910645,7.293410778045654
PSEC,2021,03/30/2021,2469277440.0,13.0,0.06,4.3577656745910645,7.293410778045654
PSEC,2021,04/19/2021,2469277440.0,13.0,0.06,4.3577656745910645,7.293410778045654
PSEC,2021,04/29/2021,2469277440.0,13.0,0.06,4.3577656745910645,7.293410778045654
PSEC,2021,05/26/2021,2469277440.0,13.0,0.06,4.3577656745910645,7.293410778045654
PSEC,2021,06/25/2021,2469277440.0,13.0,0.06,4.3577656745910645,7.293410778045654
PSEC,2021,07/27/2021,2469277440.0,13.0,0.06,4.3577656745910645,7.293410778045654
PSEC,2021,08/26/2021,2469277440.0,13.0,0.06,4.3577656745910645,7.293410778045654
PSEC,2021,09/27/2021,2469277440.0,13.0,0.06,4.3577656745910645,7.293410778045654
PSEC,2021,10/26/2021,2469277440.0,13.0,0.06,4.3577656745910645,7.293410778045654
PSEC,2021,11/24/2021,2469277440.0,13.0,0.06,4.3577656745910645,7.293410778045654
PSEC,2021,12/28/2021,2469277440.0,13.0,0.06,4.3577656745910645,7.293410778045654
PSEC,2022,01/26/2022,2469277440.0,12.0,0.06,7.432829856872559,6.6969709396362305
PSEC,2022,02/23/2022,2469277440.0,12.0,0.06,7.432829856872559,6.6969709396362305
PSEC,2022,03/28/2022,2469277440.0,12.0,0.06,7.432829856872559,6.6969709396362305
PSEC,2022,04/26/2022,2469277440.0,12.0,0.06,7.432829856872559,6.6969709396362305
PSEC,2022,05/26/2022,2469277440.0,12.0,0.06,7.432829856872559,6.6969709396362305
PSEC,2022,06/27/2022,2469277440.0,12.0,0.06,7.432829856872559,6.6969709396362305
PSEC,2022,07/26/2022,2469277440.0,12.0,0.06,7.432829856872559,6.6969709396362305
PSEC,2022,08/26/2022,2469277440.0,12.0,0.06,7.432829856872559,6.6969709396362305
PSEC,2022,09/27/2022,2469277440.0,12.0,0.06,7.432829856872559,6.6969709396362305
PSEC,2022,10/26/2022,2469277440.0,12.0,0.06,7.432829856872559,6.6969709396362305
PSEC,2022,11/25/2022,2469277440.0,12.0,0.06,7.432829856872559,6.6969709396362305
PSEC,2022,12/27/2022,2469277440.0,12.0,0.06,7.432829856872559,6.6969709396362305
AGNC,2021,01/28/2021,5423957504.0,12.0,0.12,11.679505348205566,12.595137596130371
AGNC,2021,02/25/2021,5423957504.0,12.0,0.12,11.679505348205566,12.595137596130371
AGNC,2021,03/30/2021,5423957504.0,12.0,0.12,11.679505348205566,12.595137596130371
AGNC,2021,04/29/2021,5423957504.0,12.0,0.12,11.679505348205566,12.595137596130371
AGNC,2021,05/27/2021,5423957504.0,12.0,0.12,11.679505348205566,12.595137596130371
AGNC,2021,06/29/2021,5423957504.0,12.0,0.12,11.679505348205566,12.595137596130371
AGNC,2021,07/29/2021,5423957504.0,12.0,0.12,11.679505348205566,12.595137596130371
AGNC,2021,08/30/2021,5423957504.0,12.0,0.12,11.679505348205566,12.595137596130371
AGNC,2021,09/29/2021,5423957504.0,12.0,0.12,11.679505348205566,12.595137596130371
AGNC,2021,10/28/2021,5423957504.0,12.0,0.12,11.679505348205566,12.595137596130371
AGNC,2021,11/29/2021,5423957504.0,12.0,0.12,11.679505348205566,12.595137596130371
AGNC,2021,12/30/2021,5423957504.0,12.0,0.12,11.679505348205566,12.595137596130371
AGNC,2022,01/28/2022,5423957504.0,12.0,0.12,12.793876647949219,9.75739860534668
AGNC,2022,02/25/2022,5423957504.0,12.0,0.12,12.793876647949219,9.75739860534668
AGNC,2022,03/30/2022,5423957504.0,12.0,0.12,12.793876647949219,9.75739860534668
AGNC,2022,04/28/2022,5423957504.0,12.0,0.12,12.793876647949219,9.75739860534668
AGNC,2022,05/27/2022,5423957504.0,12.0,0.12,12.793876647949219,9.75739860534668
AGNC,2022,06/29/2022,5423957504.0,12.0,0.12,12.793876647949219,9.75739860534668
AGNC,2022,07/28/2022,5423957504.0,12.0,0.12,12.793876647949219,9.75739860534668
AGNC,2022,08/30/2022,5423957504.0,12.0,0.12,12.793876647949219,9.75739860534668
AGNC,2022,09/29/2022,5423957504.0,12.0,0.12,12.793876647949219,9.75739860534668
AGNC,2022,10/28/2022,5423957504.0,12.0,0.12,12.793876647949219,9.75739860534668
AGNC,2022,11/29/2022,5423957504.0,12.0,0.12,12.793876647949219,9.75739860534668
AGNC,2022,12/29/2022,5423957504.0,12.0,0.12,12.793876647949219,9.75739860534668
STAG,2021,01/28/2021,6341445120.0,12.0,0.121,27.47953224182129,44.653160095214844
STAG,2021,02/25/2021,6341445120.0,12.0,0.121,27.47953224182129,44.653160095214844
STAG,2021,03/30/2021,6341445120.0,12.0,0.121,27.47953224182129,44.653160095214844
STAG,2021,04/29/2021,6341445120.0,12.0,0.121,27.47953224182129,44.653160095214844
STAG,2021,05/27/2021,6341445120.0,12.0,0.121,27.47953224182129,44.653160095214844
STAG,2021,06/29/2021,6341445120.0,12.0,0.121,27.47953224182129,44.653160095214844
STAG,2021,07/29/2021,6341445120.0,12.0,0.121,27.47953224182129,44.653160095214844
STAG,2021,08/30/2021,6341445120.0,12.0,0.121,27.47953224182129,44.653160095214844
STAG,2021,09/29/2021,6341445120.0,12.0,0.121,27.47953224182129,44.653160095214844
STAG,2021,10/28/2021,6341445120.0,12.0,0.121,27.47953224182129,44.653160095214844
STAG,2021,11/29/2021,6341445120.0,12.0,0.121,27.47953224182129,44.653160095214844
STAG,2021,12/30/2021,6341445120.0,12.0,0.121,27.47953224182129,44.653160095214844
STAG,2022,01/28/2022,6341445120.0,12.0,0.122,44.20172882080078,31.731765747070312
STAG,2022,02/25/2022,6341445120.0,12.0,0.122,44.20172882080078,31.731765747070312
STAG,2022,03/30/2022,6341445120.0,12.0,0.122,44.20172882080078,31.731765747070312
STAG,2022,04/28/2022,6341445120.0,12.0,0.122,44.20172882080078,31.731765747070312
STAG,2022,05/27/2022,6341445120.0,12.0,0.122,44.20172882080078,31.731765747070312
STAG,2022,06/29/2022,6341445120.0,12.0,0.122,44.20172882080078,31.731765747070312
STAG,2022,07/28/2022,6341445120.0,12.0,0.122,44.20172882080078,31.731765747070312
STAG,2022,08/30/2022,6341445120.0,12.0,0.122,44.20172882080078,31.731765747070312
STAG,2022,09/29/2022,6341445120.0,12.0,0.122,44.20172882080078,31.731765747070312
STAG,2022,10/28/2022,6341445120.0,12.0,0.122,44.20172882080078,31.731765747070312
STAG,2022,11/29/2022,6341445120.0,12.0,0.122,44.20172882080078,31.731765747070312
STAG,2022,12/29/2022,6341445120.0,12.0,0.122,44.20172882080078,31.731765747070312
MDT,2021,03/25/2021,109479084032.0,4.0,0.58,109.23519134521484,100.4778060913086
MDT,2021,06/24/2021,109479084032.0,4.0,0.63,109.23519134521484,100.4778060913086
MDT,2021,09/23/2021,109479084032.0,4.0,0.63,109.23519134521484,100.4778060913086
MDT,2021,12/21/2021,109479084032.0,4.0,0.63,109.23519134521484,100.4778060913086
MDT,2022,03/24/2022,109479084032.0,4.0,0.63,102.04551696777344,77.05888366699219
MDT,2022,06/23/2022,109479084032.0,4.0,0.68,102.04551696777344,77.05888366699219
MDT,2022,09/22/2022,109479084032.0,4.0,0.68,102.04551696777344,77.05888366699219
MDT,2022,12/20/2022,109479084032.0,4.0,0.68,102.04551696777344,77.05888366699219
NUE,2021,03/30/2021,32691650560.0,4.0,0.405,50.57228088378906,111.60987091064453
NUE,2021,06/29/2021,32691650560.0,4.0,0.405,50.57228088378906,111.60987091064453
NUE,2021,09/29/2021,32691650560.0,4.0,0.405,50.57228088378906,111.60987091064453
NUE,2021,12/30/2021,32691650560.0,4.0,0.5,50.57228088378906,111.60987091064453
NUE,2022,03/30/2022,32691650560.0,4.0,0.5,110.81581115722656,131.36160278320312
NUE,2022,06/29/2022,32691650560.0,4.0,0.5,110.81581115722656,131.36160278320312
NUE,2022,09/29/2022,32691650560.0,4.0,0.5,110.81581115722656,131.36160278320312
NUE,2022,12/29/2022,32691650560.0,4.0,0.51,110.81581115722656,131.36160278320312
EMR,2021,02/11/2021,44314112000.0,4.0,0.505,73.69291687011719,89.43717193603516
EMR,2021,05/13/2021,44314112000.0,4.0,0.505,73.69291687011719,89.43717193603516
EMR,2021,08/12/2021,44314112000.0,4.0,0.505,73.69291687011719,89.43717193603516
EMR,2021,11/10/2021,44314112000.0,4.0,0.515,73.69291687011719,89.43717193603516
EMR,2022,02/10/2022,44314112000.0,4.0,0.515,88.56846618652344,94.8833236694336
EMR,2022,05/12/2022,44314112000.0,4.0,0.515,88.56846618652344,94.8833236694336
EMR,2022,08/11/2022,44314112000.0,4.0,0.515,88.56846618652344,94.8833236694336
EMR,2022,11/09/2022,44314112000.0,4.0,0.52,88.56846618652344,94.8833236694336
TROW,2021,03/15/2021,23948357632.0,5.0,1.08,134.98086547851562,188.0840301513672
TROW,2021,06/14/2021,23948357632.0,5.0,1.08,134.98086547851562,188.0840301513672
TROW,2021,06/24/2021,23948357632.0,5.0,3.0,134.98086547851562,188.0840301513672
TROW,2021,09/14/2021,23948357632.0,5.0,1.08,134.98086547851562,188.0840301513672
TROW,2021,12/15/2021,23948357632.0,5.0,1.08,134.98086547851562,188.0840301513672
TROW,2022,03/14/2022,23948357632.0,4.0,1.2,184.70472717285156,107.81231689453125
TROW,2022,06/14/2022,23948357632.0,4.0,1.2,184.70472717285156,107.81231689453125
TROW,2022,09/14/2022,23948357632.0,4.0,1.2,184.70472717285156,107.81231689453125
TROW,2022,12/15/2022,23948357632.0,4.0,1.2,184.70472717285156,107.81231689453125
BEN,2021,03/30/2021,12020712448.0,4.0,0.28,22.17562484741211,31.572998046875
BEN,2021,06/29/2021,12020712448.0,4.0,0.28,22.17562484741211,31.572998046875
BEN,2021,09/29/2021,12020712448.0,4.0,0.28,22.17562484741211,31.572998046875
BEN,2021,12/30/2021,12020712448.0,4.0,0.29,22.17562484741211,31.572998046875
BEN,2022,03/30/2022,12020712448.0,4.0,0.29,31.54467010498047,26.081695556640625
BEN,2022,06/29/2022,12020712448.0,4.0,0.29,31.54467010498047,26.081695556640625
BEN,2022,09/29/2022,12020712448.0,4.0,0.29,31.54467010498047,26.081695556640625
BEN,2022,12/29/2022,12020712448.0,4.0,0.3,31.54467010498047,26.081695556640625
SHW,2021,02/26/2021,58074251264.0,4.0,0.55,235.72378540039062,345.18035888671875
SHW,2021,05/20/2021,58074251264.0,4.0,0.55,235.72378540039062,345.18035888671875
SHW,2021,08/19/2021,58074251264.0,4.0,0.55,235.72378540039062,345.18035888671875
SHW,2021,11/18/2021,58074251264.0,4.0,0.55,235.72378540039062,345.18035888671875
SHW,2022,02/25/2022,58074251264.0,4.0,0.6,334.1065368652344,236.0572052001953
SHW,2022,05/19/2022,58074251264.0,4.0,0.6,334.1065368652344,236.0572052001953
SHW,2022,08/18/2022,58074251264.0,4.0,0.6,334.1065368652344,236.0572052001953
SHW,2022,11/17/2022,58074251264.0,4.0,0.6,334.1065368652344,236.0572052001953
GWW,2021,02/05/2021,32575191040.0,4.0,1.53,380.860107421875,507.2027282714844
GWW,2021,05/07/2021,32575191040.0,4.0,1.62,380.860107421875,507.2027282714844
GWW,2021,08/06/2021,32575191040.0,4.0,1.62,380.860107421875,507.2027282714844
GWW,2021,11/05/2021,32575191040.0,4.0,1.62,380.860107421875,507.2027282714844
GWW,2022,02/11/2022,32575191040.0,4.0,1.62,500.8610534667969,553.2568359375
GWW,2022,05/06/2022,32575191040.0,4.0,1.72,500.8610534667969,553.2568359375
GWW,2022,08/05/2022,32575191040.0,4.0,1.72,500.8610534667969,553.2568359375
GWW,2022,11/10/2022,32575191040.0,4.0,1.72,500.8610534667969,553.2568359375
ROP,2021,01/07/2021,48107102208.0,4.0,0.563,413.6778869628906,484.8185729980469
ROP,2021,04/01/2021,48107102208.0,4.0,0.563,413.6778869628906,484.8185729980469
ROP,2021,07/07/2021,48107102208.0,4.0,0.563,413.6778869628906,484.8185729980469
ROP,2021,10/05/2021,48107102208.0,4.0,0.563,413.6778869628906,484.8185729980469
ROP,2022,01/07/2022,48107102208.0,4.0,0.62,470.7544860839844,430.7387390136719
ROP,2022,04/04/2022,48107102208.0,4.0,0.62,470.7544860839844,430.7387390136719
ROP,2022,07/07/2022,48107102208.0,4.0,0.62,470.7544860839844,430.7387390136719
ROP,2022,10/05/2022,48107102208.0,4.0,0.62,470.7544860839844,430.7387390136719
ADC,2021,01/28/2021,6017352192.0,12.0,0.207,59.01976776123047,67.2591323852539
ADC,2021,02/25/2021,6017352192.0,12.0,0.207,59.01976776123047,67.2591323852539
ADC,2021,03/30/2021,6017352192.0,12.0,0.207,59.01976776123047,67.2591323852539
ADC,2021,04/29/2021,6017352192.0,12.0,0.217,59.01976776123047,67.2591323852539
ADC,2021,05/27/2021,6017352192.0,12.0,0.217,59.01976776123047,67.2591323852539
ADC,2021,06/29/2021,6017352192.0,12.0,0.217,59.01976776123047,67.2591323852539
ADC,2021,07/29/2021,6017352192.0,12.0,0.217,59.01976776123047,67.2591323852539
ADC,2021,08/30/2021,6017352192.0,12.0,0.217,59.01976776123047,67.2591323852539
ADC,2021,09/29/2021,6017352192.0,12.0,0.217,59.01976776123047,67.2591323852539
ADC,2021,10/28/2021,6017352192.0,12.0,0.227,59.01976776123047,67.2591323852539
ADC,2021,11/29/2021,6017352192.0,12.0,0.227,59.01976776123047,67.2591323852539
ADC,2021,12/30/2021,6017352192.0,12.0,0.227,59.01976776123047,67.2591323852539
ADC,2022,01/28/2022,6017352192.0,12.0,0.227,66.77789306640625,69.6936264038086
ADC,2022,02/25/2022,6017352192.0,12.0,0.227,66.77789306640625,69.6936264038086
ADC,2022,03/30/2022,6017352192.0,12.0,0.227,66.77789306640625,69.6936264038086
ADC,2022,04/28/2022,6017352192.0,12.0,0.234,66.77789306640625,69.6936264038086
ADC,2022,05/27/2022,6017352192.0,12.0,0.234,66.77789306640625,69.6936264038086
ADC,2022,06/29/2022,6017352192.0,12.0,0.234,66.77789306640625,69.6936264038086
ADC,2022,07/28/2022,6017352192.0,12.0,0.234,66.77789306640625,69.6936264038086
ADC,2022,08/30/2022,6017352192.0,12.0,0.234,66.77789306640625,69.6936264038086
ADC,2022,09/29/2022,6017352192.0,12.0,0.234,66.77789306640625,69.6936264038086
ADC,2022,10/28/2022,6017352192.0,12.0,0.24,66.77789306640625,69.6936264038086
ADC,2022,11/29/2022,6017352192.0,12.0,0.24,66.77789306640625,69.6936264038086
ADC,2022,12/29/2022,6017352192.0,12.0,0.24,66.77789306640625,69.6936264038086
